Order Date,Sales,Possible Explanation
2015-01-04,304.508,"Possible low demand, stock shortage, or seasonal slowdown"
2015-02-08,968.534,"Possible low demand, stock shortage, or seasonal slowdown"
2015-02-22,224.912,"Possible low demand, stock shortage, or seasonal slowdown"
2015-03-22,37703.665,"Possible promotion, festive demand, or large orders"
2015-07-19,1387.686,"Possible low demand, stock shortage, or seasonal slowdown"
2015-09-13,29959.137,"Possible promotion, festive demand, or large orders"
2016-01-24,358.522,"Possible low demand, stock shortage, or seasonal slowdown"
2017-12-17,25449.8,"Possible promotion, festive demand, or large orders"
2018-11-04,29017.467,"Possible promotion, festive demand, or large orders"
2018-11-18,30572.447,"Possible promotion, festive demand, or large orders"
2018-12-02,35998.9,"Possible promotion, festive demand, or large orders"
